login,name,company,location,email,hireable,bio,public_repos,followers,following,created_at
mosh-hamedani,,,,,,,0,0,0,
TheCherno,,,,,,,0,0,0,
haileys,,,,,,,0,0,0,
rstacruz,,,,,,,0,0,0,
jesseduffield,,,,,,,0,0,0,
basarat,,,,,,,0,0,0,
markdalgleish,,,,,,,0,0,0,
JakeLin,,,,,,,0,0,0,
binarythistle,,,,,,,0,0,0,
radar,,,,,,,0,0,0,
mishmanners,,,,,,,0,0,0,
timacdonald,,,,,,,0,0,0,
TuPayChain,,,,,,,0,0,0,
md-5,,,,,,,0,0,0,
thomasdavis,,,,,,,0,0,0,
geelen,,,,,,,0,0,0,
MugunthKumar,,,,,,,0,0,0,
tseemann,,,,,,,0,0,0,
loftwah,,,,,,,0,0,0,
rogerclarkmelbourne,,,,,,,0,0,0,
jxom,,,,,,,0,0,0,
rrwick,,,,,,,0,0,0,
abruzzi,,,,,,,0,0,0,
kitsonk,,,,,,,0,0,0,
mattgallagher,,,,,,,0,0,0,
sidorares,,,,,,,0,0,0,
benschwarz,,,,,,,0,0,0,
philnash,,,,,,,0,0,0,
Viralmaniar,,,,,,,0,0,0,
iancoleman,,,,,,,0,0,0,
brendanzab,,,,,,,0,0,0,
dpgeorge,,,,,,,0,0,0,
tmeasday,,,,,,,0,0,0,
Expensify,,,,,,,0,0,0,
AliasIO,,,,,,,0,0,0,
jcouyang,,,,,,,0,0,0,
kivikakk,,,,,,,0,0,0,
nnethercote,,,,,,,0,0,0,
ryanseddon,,,,,,,0,0,0,
jaydenseric,,,,,,,0,0,0,
initstring,,,,,,,0,0,0,
Anon-Exploiter,,,,,,,0,0,0,
bardiharborow,,,,,,,0,0,0,
xaviershay,,,,,,,0,0,0,
elliotcondon,,,,,,,0,0,0,
dicook,,,,,,,0,0,0,
Karolyna84,,,,,,,0,0,0,
priseborough,,,,,,,0,0,0,
wahyd4,,,,,,,0,0,0,
drewnoakes,,,,,,,0,0,0,
wireghoul,,,,,,,0,0,0,
pat,,,,,,,0,0,0,
abolkog,,,,,,,0,0,0,
fraserxu,,,,,,,0,0,0,
mokagio,,,,,,,0,0,0,
trevorstephens,,,,,,,0,0,0,
amanda08,,,,,,,0,0,0,
toolmantim,,,,,,,0,0,0,
daurnimator,,,,,,,0,0,0,
mitchmindtree,,,,,,,0,0,0,
hamishwillee,,,,,,,0,0,0,
kolber,,,,,,,0,0,0,
hugomd,,,,,,,0,0,0,
joho,,,,,,,0,0,0,
merill,,,,,,,0,0,0,
UnexpectedMaker,,,,,,,0,0,0,
jagregory,,,,,,,0,0,0,
moroshko,,,,,,,0,0,0,
davkean,,,,,,,0,0,0,
jni,,,,,,,0,0,0,
chendo,,,,,,,0,0,0,
Benjamin-Dobell,,,,,,,0,0,0,
justinsteven,,,,,,,0,0,0,
nickgammon,,,,,,,0,0,0,
evgenyneu,,,,,,,0,0,0,
azz,,,,,,,0,0,0,
taitems,,,,,,,0,0,0,
alexhude,,,,,,,0,0,0,
waferbaby,,,,,,,0,0,0,
Sutto,,,,,,,0,0,0,
chrisleekr,,,,,,,0,0,0,
aidansteele,,,,,,,0,0,0,
sj26,,,,,,,0,0,0,
justinfrench,,,,,,,0,0,0,
vektah,,,,,,,0,0,0,
aaronparker,,,,,,,0,0,0,
aershov24,,,,,,,0,0,0,
wolfeidau,,,,,,,0,0,0,
eugeneware,,,,,,,0,0,0,
deoxxa,,,,,,,0,0,0,
Rosuav,,,,,,,0,0,0,
tabs-not-spaces,,,,,,,0,0,0,
edhinrichsen,,,,,,,0,0,0,
ihadeed,,,,,,,0,0,0,
RManLuo,,,,,,,0,0,0,
rfk,,,,,,,0,0,0,
AndiiCodes,,,,,,,0,0,0,
srikat,,,,,,,0,0,0,
devgeeks,,,,,,,0,0,0,
joshwnj,,,,,,,0,0,0,
KaelWD,,,,,,,0,0,0,
andyyhope,,,,,,,0,0,0,
psifertex,,,,,,,0,0,0,
alanjrogers,,,,,,,0,0,0,
pact-foundation,,,,,,,0,0,0,
pjf,,,,,,,0,0,0,
brainstorm,,,,,,,0,0,0,
dekz,,,,,,,0,0,0,
mohammadKarimi,,,,,,,0,0,0,
abcminiuser,,,,,,,0,0,0,
lox,,,,,,,0,0,0,
sbarski,,,,,,,0,0,0,
timusus,,,,,,,0,0,0,
jonoxer,,,,,,,0,0,0,
ntwb,,,,,,,0,0,0,
Alhadis,,,,,,,0,0,0,
pento,,,,,,,0,0,0,
benhoskings,,,,,,,0,0,0,
MelbourneDeveloper,,,,,,,0,0,0,
japgolly,,,,,,,0,0,0,
hawkowl,,,,,,,0,0,0,
a1studmuffin,,,,,,,0,0,0,
camjackson,,,,,,,0,0,0,
alexbrainman,,,,,,,0,0,0,
LucasGarcez,,,,,,,0,0,0,
snyff,,,,,,,0,0,0,
eliocamp,,,,,,,0,0,0,
ninxsoft,,,,,,,0,0,0,
AlexDBlack,,,,,,,0,0,0,
marcusvolz,,,,,,,0,0,0,
nelix,,,,,,,0,0,0,
JoshuaBatty,,,,,,,0,0,0,
BeauNouvelle,,,,,,,0,0,0,
skorks,,,,,,,0,0,0,
RoyalIcing,,,,,,,0,0,0,
ComponentFactory,,,,,,,0,0,0,
bentrengrove,,,,,,,0,0,0,
karkranikhil,,,,,,,0,0,0,
SebastianElvis,,,,,,,0,0,0,
notahat,,,,,,,0,0,0,
sampage,,,,,,,0,0,0,
sporto,,,,,,,0,0,0,
abcoathup,,,,,,,0,0,0,
navidcy,,,,,,,0,0,0,
lachlanhardy,,,,,,,0,0,0,
mefellows,,,,,,,0,0,0,
djmdjm,,,,,,,0,0,0,
yob,,,,,,,0,0,0,
grahamegrieve,,,,,,,0,0,0,
dhotson,,,,,,,0,0,0,
arttnba3,,,,,,,0,0,0,
Mair,,,,,,,0,0,0,
xiaodaigh,,,,,,,0,0,0,
ychescale9,,,,,,,0,0,0,
dipjyotimetia,,,,,,,0,0,0,
DWilliames,,,,,,,0,0,0,
0neSe7en,,,,,,,0,0,0,
ACloudGuru,,,,,,,0,0,0,
mikefarah,,,,,,,0,0,0,
mihar-22,,,,,,,0,0,0,
davidwengier,,,,,,,0,0,0,
stevage,,,,,,,0,0,0,
crafterm,,,,,,,0,0,0,
tomdalling,,,,,,,0,0,0,
adammurdoch,,,,,,,0,0,0,
maks,,,,,,,0,0,0,
jessedc,,,,,,,0,0,0,
99designs,,,,,,,0,0,0,
jarshwah,,,,,,,0,0,0,
varund7726,,,,,,,0,0,0,
domesticcatsoftware,,,,,,,0,0,0,
mblode,,,,,,,0,0,0,
KelvinJin,,,,,,,0,0,0,
vinhphunguyen,,,,,,,0,0,0,
jeromyanglim,,,,,,,0,0,0,
chris-horner,,,,,,,0,0,0,
SEEK-Jobs,,,,,,,0,0,0,
magnetikonline,,,,,,,0,0,0,
mattnotmax,,,,,,,0,0,0,
sammcj,,,,,,,0,0,0,
feit-comp30023-2024,,,,,,,0,0,0,
nathanielw,,,,,,,0,0,0,
neekey,,,,,,,0,0,0,
jimjam-slam,,,,,,,0,0,0,
mukul500,,,,,,,0,0,0,
ash47,,,,,,,0,0,0,
rmit-computing-technologies,,,,,,,0,0,0,
MattCowgill,,,,,,,0,0,0,
benbarsdell,,,,,,,0,0,0,
bcgit,,,,,,,0,0,0,
willvelida,,,,,,,0,0,0,
ericjiang97,,,,,,,0,0,0,
kmkurn,,,,,,,0,0,0,
ajfisher,,,,,,,0,0,0,
glennawatson,,,,,,,0,0,0,
ldiebold,,,,,,,0,0,0,
abraunegg,,,,,,,0,0,0,
cjbj,,,,,,,0,0,0,
xxfast,,,,,,,0,0,0,
ianw,,,,,,,0,0,0,
shsingh,,,,,,,0,0,0,
ocavue,,,,,,,0,0,0,
GenevieveBuckley,,,,,,,0,0,0,
Djelibeybi,,,,,,,0,0,0,
sync,,,,,,,0,0,0,
geeknam,,,,,,,0,0,0,
eigenbom,,,,,,,0,0,0,
honglytech,,,,,,,0,0,0,
chengzhag,,,,,,,0,0,0,
Falconerd,,,,,,,0,0,0,
adriangranados,,,,,,,0,0,0,
ronrest,,,,,,,0,0,0,
feilipu,,,,,,,0,0,0,
NiREvil,,,,,,,0,0,0,
robn,,,,,,,0,0,0,
JohnyXu,,,,,,,0,0,0,
d11wtq,,,,,,,0,0,0,
leonyuhanov,,,,,,,0,0,0,
wangdicoder,,,,,,,0,0,0,
taybenlor,,,,,,,0,0,0,
x-team,,,,,,,0,0,0,
simontime,,,,,,,0,0,0,
rajyraman,,,,,,,0,0,0,
davidobrien1985,,,,,,,0,0,0,
josephsurin,,,,,,,0,0,0,
tgdwyer,,,,,,,0,0,0,
nataliethenerd,,,,,,,0,0,0,
gavinballard,,,,,,,0,0,0,
wilba,,,,,,,0,0,0,
bungnoid,,,,,,,0,0,0,
skoval,,,,,,,0,0,0,
prodigysml,,,,,,,0,0,0,
JacksonBates,,,,,,,0,0,0,
plasticine,,,,,,,0,0,0,
timbertson,,,,,,,0,0,0,
NullTerminatorr,,,,,,,0,0,0,
julia-,,,,,,,0,0,0,
ibracorp,,,,,,,0,0,0,
mariovisic,,,,,,,0,0,0,
JaseZiv,,,,,,,0,0,0,
mdneuzerling,,,,,,,0,0,0,
minghao-wu,,,,,,,0,0,0,
DavidArayan,,,,,,,0,0,0,
loklaan,,,,,,,0,0,0,
DanielThomas,,,,,,,0,0,0,
learntodroid,,,,,,,0,0,0,
eliotharper,,,,,,,0,0,0,
emilytrau,,,,,,,0,0,0,
philipbelesky,,,,,,,0,0,0,
josh-,,,,,,,0,0,0,
KieraDOG,,,,,,,0,0,0,
mutoo,,,,,,,0,0,0,
harsilspatel,,,,,,,0,0,0,
mitchdenny,,,,,,,0,0,0,
martinbjeldbak,,,,,,,0,0,0,
jmattsson,,,,,,,0,0,0,
lvjian700,,,,,,,0,0,0,
plutext,,,,,,,0,0,0,
geekscape,,,,,,,0,0,0,
Aisuko,,,,,,,0,0,0,
dusterio,,,,,,,0,0,0,
vertxxyz,,,,,,,0,0,0,
EllyLoel,,,,,,,0,0,0,
akmand,,,,,,,0,0,0,
engram-design,,,,,,,0,0,0,
okeeffed,,,,,,,0,0,0,
tqwewe,,,,,,,0,0,0,
robskillington,,,,,,,0,0,0,
gonzalo-bulnes,,,,,,,0,0,0,
heycam,,,,,,,0,0,0,
tyconsulting,,,,,,,0,0,0,
colby-swandale,,,,,,,0,0,0,
rsharankumar,,,,,,,0,0,0,
collibra,,,,,,,0,0,0,
bulkan,,,,,,,0,0,0,
theminecoder,,,,,,,0,0,0,
buntine,,,,,,,0,0,0,
JiashuWu,,,,,,,0,0,0,
NETTUTS,,,,,,,0,0,0,
dgoodlad,,,,,,,0,0,0,
matthaywardwebdesign,,,,,,,0,0,0,
danilodelucio,,,,,,,0,0,0,
KyeOnDiscord,,,,,,,0,0,0,
corsc,,,,,,,0,0,0,
andycasey,,,,,,,0,0,0,
sayboras,,,,,,,0,0,0,
beekhof,,,,,,,0,0,0,
kawarimidoll,,,,,,,0,0,0,
heykarimoff,,,,,,,0,0,0,
luvuong-le,,,,,,,0,0,0,
ricobl,,,,,,,0,0,0,
Adnan25z,,,,,,,0,0,0,
esteinig,,,,,,,0,0,0,
adam-gruer,,,,,,,0,0,0,
rotorgames,,,,,,,0,0,0,
paulstefanday,,,,,,,0,0,0,
bryceadams,,,,,,,0,0,0,
AaronLiftig,,,,,,,0,0,0,
vinisalazar,,,,,,,0,0,0,
chongjason914,,,,,,,0,0,0,
alecthegeek,,,,,,,0,0,0,
Team-Nando,,,,,,,0,0,0,
Sportsbet-Internal,,,,,,,0,0,0,
TrustAGI-Lab,,,,,,,0,0,0,
pauldhunt,,,,,,,0,0,0,
peterwilsoncc,,,,,,,0,0,0,
rossp,,,,,,,0,0,0,
seek-oss,,,,,,,0,0,0,
michaeltaranto,,,,,,,0,0,0,
pazaan,,,,,,,0,0,0,
Gnzlt,,,,,,,0,0,0,
jacobh,,,,,,,0,0,0,
eastrd,,,,,,,0,0,0,
RenWenshan,,,,,,,0,0,0,
Zemerik,,,,,,,0,0,0,
ned2,,,,,,,0,0,0,
PaulBone,,,,,,,0,0,0,
kouky,,,,,,,0,0,0,
franciskim,,,,,,,0,0,0,
ziplab,,,,,,,0,0,0,
junhaow1,,,,,,,0,0,0,
Gurenax,,,,,,,0,0,0,
roachhd,,,,,,,0,0,0,
vadmium,,,,,,,0,0,0,
quad,,,,,,,0,0,0,
Gizmotronn,,,,,,,0,0,0,
danmacnish,,,,,,,0,0,0,
mdub,,,,,,,0,0,0,
3xocyte,,,,,,,0,0,0,
Michelledng7,,,,,,,0,0,0,
TheDen,,,,,,,0,0,0,
yinchuandong,,,,,,,0,0,0,
